"","fraudulent","charge_time","amount","card_country","card_use_24h"
"1","True","2015-12-14T21:46:41Z",5237,"GB",1
"2","False","2015-12-31T23:32:26Z",1032,"US",0
"3","False","2015-12-31T23:36:42Z",787,"US",0
"4","False","2015-12-31T23:47:02Z",1475,"US",2
"5","False","2015-12-31T23:56:15Z",1157,"US",7
"6","True","2015-12-22T05:04:31Z",1379,"US",2
"7","True","2015-12-28T15:54:21Z",11716,"GB",1
"8","False","2015-12-31T23:34:37Z",163,"US",8
"9","False","2015-12-31T23:49:14Z",4098,"US",1
"10","True","2015-12-20T12:11:59Z",11361,"US",0
"11","False","2015-12-31T23:28:45Z",256872,"US",1
"12","True","2015-12-31T00:06:56Z",4174,"US",7
"13","True","2015-12-13T18:42:17Z",897,"US",5
"14","True","2015-12-20T19:05:47Z",2697,"US",0
"15","False","2015-12-31T23:21:06Z",19710,"US",0
"16","False","2015-12-31T23:44:39Z",3442,"US",3
"17","True","2015-12-25T15:42:58Z",1546,"US",6
"18","True","2015-12-23T05:30:56Z",19812,"US",1
"19","True","2015-12-13T14:06:15Z",9707,"US",0
"20","False","2015-12-31T23:45:31Z",2405,"US",0
"21","False","2015-12-31T23:54:39Z",2895,"US",2
"22","False","2015-12-31T23:48:33Z",676,"US",0
"23","True","2015-12-23T22:48:06Z",7453,"GB",1
"24","False","2015-12-31T23:40:13Z",-38,"US",1
"25","False","2015-12-31T23:59:29Z",3409,"US",1
"26","True","2015-12-29T17:01:18Z",5024,"US",5
"27","False","2015-12-31T23:15:46Z",406,"US",0
"28","True","2015-12-13T21:52:38Z",35274,"US",1
"29","True","2015-12-21T17:30:00Z",34529,"US",5
"30","True","2015-12-18T19:24:12Z",8828,"US",3
"31","False","2015-12-31T23:58:43Z",19227,"US",8
"32","False","2015-12-31T23:28:22Z",685,"US",0
"33","True","2015-12-17T00:29:20Z",12833,"US",7
"34","True","2015-12-24T19:50:12Z",-171,"US",0
"35","True","2015-12-31T22:33:14Z",3287,"US",32
"36","False","2015-12-31T23:31:45Z",24846,"US",1
"37","False","2015-12-31T23:45:34Z",32937,"US",2
"38","True","2015-12-14T05:15:30Z",21924,"US",5
"39","True","2015-12-21T15:28:46Z",10339,"US",2
"40","True","2015-12-30T20:43:54Z",5379,"US",1
"41","True","2015-12-14T04:09:03Z",3945,"US",0
"42","False","2015-12-31T23:51:09Z",788,"US",0
"43","True","2015-12-14T16:30:02Z",61045,"US",0
"44","True","2015-12-23T06:32:43Z",3781,"US",3
"45","True","2015-12-13T19:27:44Z",15926,"US",1
"46","True","2015-12-30T14:00:25Z",2294,"US",4
"47","True","2015-12-26T07:09:20Z",7122,"US",1
"48","False","2015-12-31T23:42:59Z",34995,"US",0
"49","False","2015-12-31T23:31:22Z",4587,"GB",0
"50","False","2015-12-31T23:58:29Z",774,"US",11
"51","False","2015-12-31T23:52:12Z",2429,"US",0
"52","True","2015-12-25T05:30:42Z",2554,"US",3
"53","False","2015-12-31T23:20:41Z",3138,"US",5
"54","False","2015-12-31T23:29:50Z",2866,"US",2
"55","False","2015-12-31T23:52:23Z",7280,"US",0
"56","True","2015-12-21T00:00:53Z",3341,"US",6
"57","True","2015-12-21T17:24:33Z",4839,"US",0
"58","False","2015-12-31T23:29:59Z",-245,"US",2
"59","True","2015-12-28T15:04:40Z",6728,"GB",0
"60","False","2015-12-31T23:44:34Z",3738,"US",1
"61","False","2015-12-31T23:34:42Z",2904,"US",5
"62","True","2015-12-28T11:13:53Z",2284,"US",3
"63","False","2015-12-31T23:55:58Z",1497,"US",2
"64","True","2015-12-21T04:00:35Z",10356,"AU",1
"65","False","2015-12-31T23:47:21Z",666,"US",1
"66","True","2015-12-23T06:36:27Z",1401,"US",15
"67","True","2015-12-21T02:03:07Z",1658,"US",1
"68","True","2015-12-16T08:46:45Z",24161,"US",1
"69","True","2015-12-24T16:46:25Z",14060,"GB",1
"70","True","2015-12-17T03:00:11Z",1795,"US",0
"71","False","2015-12-31T23:43:37Z",2787,"US",0
"72","False","2015-12-31T23:56:17Z",9602,"US",0
"73","False","2015-12-31T23:51:19Z",9439,"US",2
"74","True","2015-12-20T05:19:04Z",3741,"US",0
"75","False","2015-12-31T23:38:54Z",-117,"US",0
"76","True","2015-12-14T17:53:44Z",786,"US",0
"77","True","2015-12-30T14:05:56Z",3631,"US",0
"78","True","2015-12-18T23:51:55Z",1061,"US",9
"79","False","2015-12-31T23:46:42Z",502,"US",1
"80","False","2015-12-31T23:57:45Z",1127,"US",4
"81","True","2015-12-24T19:20:38Z",1059,"US",1
"82","True","2015-12-29T00:45:01Z",11222,"US",4
"83","True","2015-12-18T04:40:38Z",4368,"AU",11
"84","True","2015-12-26T03:53:49Z",19524,"US",9
"85","False","2015-12-31T23:35:33Z",965,"GB",1
"86","False","2015-12-31T23:28:09Z",1284,"US",1
"87","True","2015-12-17T02:30:41Z",1559,"US",0
"88","True","2015-12-18T21:33:16Z",50450,"US",2
"89","False","2015-12-31T23:45:05Z",546,"US",4
"90","True","2015-12-15T00:01:14Z",22007,"GB",1
"91","True","2015-12-18T23:52:58Z",1654,"US",4
"92","False","2015-12-31T23:54:15Z",471,"US",1
"93","False","2015-12-31T23:50:41Z",2684,"US",0
"94","False","2015-12-31T23:58:36Z",2370,"US",0
"95","False","2015-12-31T23:18:30Z",110,"US",0
"96","True","2015-12-22T05:14:56Z",2169,"US",12
"97","False","2015-12-31T23:46:58Z",4796,"US",1
"98","True","2015-12-15T16:27:45Z",364,"US",0
"99","False","2015-12-31T23:17:23Z",684,"US",7
"100","True","2015-12-15T19:33:12Z",4130,"US",29
"101","False","2015-12-31T23:33:53Z",5284,"US",2
"102","True","2015-12-17T22:20:56Z",4232,"GB",1
"103","True","2015-12-19T23:37:05Z",3072,"US",5
"104","True","2015-12-16T20:31:13Z",1543,"AU",3
"105","False","2015-12-31T23:34:51Z",7689,"US",0
"106","True","2015-12-22T23:56:28Z",22,"US",6
"107","True","2015-12-21T11:44:57Z",3845,"GB",1
"108","True","2015-12-28T20:57:26Z",43803,"US",1
"109","True","2015-12-18T09:53:42Z",861,"US",2
"110","False","2015-12-31T23:47:57Z",1390,"US",10
"111","False","2015-12-31T23:33:33Z",4373,"US",1
"112","True","2015-12-27T07:43:10Z",4142,"GB",0
"113","False","2015-12-31T23:16:36Z",1222,"US",2
"114","True","2015-12-19T03:06:52Z",1464,"US",4
"115","False","2015-12-31T23:30:33Z",2108,"US",0
"116","True","2015-12-23T16:46:48Z",1696,"US",0
"117","True","2015-12-30T18:55:13Z",3752,"US",9
"118","True","2015-12-14T00:17:15Z",5760,"US",1
"119","False","2015-12-31T23:55:22Z",6306,"US",1
"120","False","2015-12-31T23:29:50Z",3259,"US",2
"121","True","2015-12-27T19:58:31Z",723,"US",1
"122","False","2015-12-31T23:37:11Z",64,"US",3
"123","True","2015-12-29T01:04:56Z",2268,"US",2
"124","True","2015-12-14T03:56:06Z",795,"US",2
"125","False","2015-12-31T23:26:14Z",2811,"US",1
"126","False","2015-12-31T23:29:46Z",30296,"US",0
"127","True","2015-12-24T13:41:21Z",2673,"US",3
"128","True","2015-12-26T04:00:24Z",3540,"US",0
"129","True","2015-12-20T08:52:37Z",1978,"US",1
"130","False","2015-12-31T23:33:58Z",7449,"US",0
"131","True","2015-12-22T05:40:23Z",10139,"US",3
"132","False","2015-12-31T23:39:21Z",879,"US",1
"133","False","2015-12-31T23:54:45Z",2033,"US",0
"134","False","2015-12-31T23:36:49Z",3495,"US",7
"135","False","2015-12-31T23:28:40Z",2331,"US",3
"136","True","2015-12-30T17:54:59Z",1712,"US",5
"137","False","2015-12-31T23:16:44Z",646,"US",0
"138","True","2015-12-22T03:47:40Z",2466,"US",0
"139","True","2015-12-28T12:01:50Z",2970,"US",1
"140","False","2015-12-31T23:23:17Z",10248,"US",3
"141","False","2015-12-31T23:30:01Z",2367,"US",2
"142","False","2015-12-31T23:41:58Z",8271,"US",0
"143","False","2015-12-31T23:34:23Z",781,"US",1
"144","False","2015-12-31T23:53:18Z",1434,"US",0
"145","True","2015-12-24T01:05:18Z",21258,"US",9
"146","True","2015-12-21T22:20:25Z",553,"US",2
"147","True","2015-12-31T22:08:27Z",67,"US",0
"148","True","2015-12-15T18:52:09Z",2235,"US",1
"149","False","2015-12-31T23:35:50Z",1087,"US",12
"150","False","2015-12-31T23:45:25Z",1112,"US",1
"151","True","2015-12-15T22:58:42Z",9953,"US",5
"152","False","2015-12-31T23:28:08Z",9858,"US",0
"153","False","2015-12-31T23:31:17Z",1366,"US",1
"154","False","2015-12-31T23:29:55Z",2122,"US",1
"155","False","2015-12-31T23:26:30Z",15915,"US",1
"156","True","2015-12-24T17:39:08Z",15305,"US",1
"157","True","2015-12-16T07:30:25Z",358499,"US",3
"158","False","2015-12-31T23:20:29Z",1064,"GB",0
"159","False","2015-12-31T23:33:22Z",1921,"US",2
"160","True","2015-12-31T00:03:10Z",830,"US",5
"161","False","2015-12-31T23:44:43Z",2321,"US",2
"162","False","2015-12-31T23:31:39Z",959,"US",0
"163","True","2015-12-30T18:01:18Z",2430,"US",5
"164","True","2015-12-26T08:01:56Z",24878,"US",0
"165","False","2015-12-31T23:46:24Z",872,"US",1
"166","True","2015-12-16T23:59:50Z",1131,"US",4
"167","True","2015-12-13T15:59:00Z",8232,"US",7
"168","True","2015-12-31T23:50:37Z",449,"AU",0
"169","True","2015-12-20T03:22:45Z",9343,"US",3
"170","False","2015-12-31T23:59:05Z",2819,"US",0
"171","True","2015-12-26T00:12:30Z",4869,"US",1
"172","True","2015-12-21T00:07:13Z",19678,"US",0
"173","True","2015-12-17T19:15:12Z",1957,"US",0
"174","True","2015-12-15T03:05:23Z",31806,"US",0
"175","False","2015-12-31T23:50:34Z",3260,"US",2
"176","True","2015-12-29T16:01:09Z",4441,"US",0
"177","False","2015-12-31T23:29:58Z",3291,"US",1
"178","False","2015-12-31T23:23:16Z",2308,"US",3
"179","True","2015-12-20T16:25:54Z",2280,"US",0
"180","False","2015-12-31T23:32:09Z",3037,"US",2
"181","False","2015-12-31T23:44:43Z",516,"US",3
"182","True","2015-12-19T18:44:57Z",5342,"US",3
"183","True","2015-12-31T14:07:45Z",2948,"US",8
"184","False","2015-12-31T23:47:25Z",2334,"US",0
"185","False","2015-12-31T23:25:28Z",9529,"US",0
"186","False","2015-12-31T23:49:28Z",810,"US",0
"187","True","2015-12-16T20:23:24Z",16932,"US",3
"188","True","2015-12-31T17:19:31Z",46918,"US",0
"189","True","2015-12-20T07:26:36Z",408,"US",0
"190","False","2015-12-31T23:15:51Z",1179,"US",1
"191","False","2015-12-31T23:55:57Z",9842,"US",1
"192","True","2015-12-27T22:53:52Z",10390,"US",17
"193","True","2015-12-23T20:45:42Z",1034,"US",8
"194","True","2015-12-15T14:56:01Z",2234,"US",5
"195","False","2015-12-31T23:26:02Z",520,"US",3
"196","False","2015-12-31T23:19:51Z",10319,"US",0
"197","True","2015-12-27T03:23:25Z",3244,"US",145
"198","True","2015-12-25T16:09:36Z",1938,"US",0
"199","True","2015-12-23T22:09:14Z",11362,"US",3
"200","False","2015-12-31T23:30:39Z",829,"US",1
"201","True","2015-12-30T15:09:24Z",15922,"US",0
"202","False","2015-12-31T23:45:11Z",383,"US",0
"203","True","2015-12-25T23:51:24Z",23225,"US",3
"204","False","2015-12-31T23:54:14Z",603,"US",5
"205","False","2015-12-31T23:45:26Z",153,"US",1
"206","True","2015-12-25T19:15:51Z",2571,"US",5
"207","False","2015-12-31T23:24:34Z",2840,"US",2
"208","True","2015-12-20T02:04:24Z",1306,"US",13
"209","False","2015-12-31T23:49:38Z",1903,"US",1
"210","False","2015-12-31T23:35:32Z",9894,"US",3
"211","True","2015-12-13T19:54:12Z",11929,"US",7
"212","True","2015-12-31T05:02:01Z",1548,"US",1
"213","True","2015-12-13T17:31:51Z",6436,"US",8
"214","False","2015-12-31T23:42:34Z",711,"US",0
"215","True","2015-12-22T08:12:49Z",2911,"US",2
"216","False","2015-12-31T23:25:23Z",554,"US",0
"217","False","2015-12-31T23:24:07Z",1225,"US",0
"218","False","2015-12-31T23:16:34Z",3374,"US",2
"219","False","2015-12-31T23:48:46Z",2476,"US",0
"220","False","2015-12-31T23:38:49Z",4360,"US",1
"221","False","2015-12-31T23:49:55Z",9718,"US",0
"222","True","2015-12-20T19:00:55Z",17222,"US",5
"223","True","2015-12-21T15:30:02Z",6233,"GB",4
"224","True","2015-12-23T13:04:46Z",799,"US",5
"225","False","2015-12-31T23:31:31Z",1025,"US",1
"226","True","2015-12-17T02:42:28Z",4602,"US",13
"227","False","2015-12-31T23:32:07Z",5468,"AU",0
"228","True","2015-12-30T03:33:33Z",2931,"US",4
"229","True","2015-12-18T18:22:29Z",21668,"US",0
"230","True","2015-12-18T20:49:59Z",11117,"US",2
"231","True","2015-12-26T14:09:21Z",1230,"US",5
"232","False","2015-12-31T23:30:20Z",2392,"US",3
"233","False","2015-12-31T23:52:51Z",890,"US",0
"234","False","2015-12-31T23:28:04Z",2948,"US",3
"235","False","2015-12-31T23:51:42Z",434,"US",0
"236","False","2015-12-31T23:26:27Z",2141,"US",1
"237","False","2015-12-31T23:20:11Z",873,"US",2
"238","False","2015-12-31T23:59:30Z",7541,"US",1
"239","False","2015-12-31T23:33:28Z",4902,"US",1
"240","False","2015-12-31T23:15:31Z",5297,"US",1
"241","True","2015-12-15T09:45:00Z",319,"US",20
"242","True","2015-12-26T19:42:59Z",4623,"US",0
"243","False","2015-12-31T23:20:10Z",1780,"US",0
"244","False","2015-12-31T23:18:22Z",2074,"US",0
"245","True","2015-12-30T15:56:09Z",32436,"AU",1
"246","False","2015-12-31T23:16:52Z",-85,"US",0
"247","False","2015-12-31T23:56:07Z",3584,"US",0
"248","False","2015-12-31T23:34:07Z",6009,"US",2
"249","False","2015-12-31T23:58:41Z",2394,"US",1
"250","True","2015-12-31T21:07:26Z",1851,"US",4
"251","True","2015-12-25T06:50:57Z",1646,"US",0
"252","True","2015-12-18T09:57:53Z",1530,"US",0
"253","True","2015-12-26T22:58:48Z",3313,"GB",3
"254","False","2015-12-31T23:40:46Z",1247,"US",9
"255","False","2015-12-31T23:39:49Z",2103,"US",2
"256","True","2015-12-27T05:05:43Z",1161,"US",10
"257","False","2015-12-31T23:27:17Z",2638,"US",3
"258","False","2015-12-31T23:54:04Z",9739,"US",1
"259","True","2015-12-26T06:11:07Z",5717,"US",1
"260","False","2015-12-31T23:58:49Z",17965,"US",2
"261","False","2015-12-31T23:21:02Z",936,"US",3
"262","True","2015-12-15T06:42:21Z",1157,"US",5
"263","False","2015-12-31T23:15:24Z",2264,"US",1
"264","True","2015-12-17T22:00:28Z",101351,"US",4
"265","True","2015-12-18T21:00:25Z",1471,"US",3
"266","True","2015-12-18T05:44:10Z",2998,"US",3
"267","True","2015-12-31T11:21:08Z",9975,"US",4
"268","True","2015-12-19T11:40:57Z",605,"US",8
"269","False","2015-12-31T23:30:13Z",357,"US",0
"270","False","2015-12-31T23:26:03Z",19552,"US",1
"271","True","2015-12-21T01:16:37Z",37885,"US",9
"272","True","2015-12-19T11:19:17Z",23173,"US",1
"273","True","2015-12-24T07:40:15Z",12928,"US",0
"274","True","2015-12-23T16:17:59Z",8379,"US",2
"275","True","2015-12-18T19:20:31Z",42713,"GB",1
"276","True","2015-12-19T06:11:38Z",7483,"US",5
"277","False","2015-12-31T23:33:40Z",1097,"US",1
"278","False","2015-12-31T23:51:45Z",691,"US",4
"279","True","2015-12-31T13:57:13Z",1623,"US",3
"280","False","2015-12-31T23:45:24Z",402,"US",5
"281","False","2015-12-31T23:35:41Z",6373,"US",0
"282","True","2015-12-24T08:52:01Z",3053,"US",3
"283","False","2015-12-31T23:41:07Z",1033,"US",0
"284","False","2015-12-31T23:29:34Z",687,"US",1
"285","True","2015-12-29T00:32:05Z",74352,"US",2
"286","False","2015-12-31T23:33:21Z",4898,"US",0
"287","True","2015-12-23T10:07:38Z",2879,"US",6
"288","False","2015-12-31T23:23:47Z",261,"US",0
"289","False","2015-12-31T23:56:49Z",2265,"US",3
"290","False","2015-12-31T23:58:14Z",2737,"US",1
"291","False","2015-12-31T23:17:03Z",136,"US",0
"292","True","2015-12-30T15:34:13Z",14138,"US",0
"293","False","2015-12-31T23:23:54Z",683,"US",1
"294","True","2015-12-28T02:21:45Z",70586,"AU",0
"295","False","2015-12-31T23:55:48Z",6718,"US",2
"296","True","2015-12-13T19:04:09Z",15367,"US",1
"297","True","2015-12-25T06:02:44Z",3756,"US",44
"298","False","2015-12-31T23:58:06Z",689,"US",2
"299","False","2015-12-31T23:21:01Z",4801,"US",1
"300","True","2015-12-16T02:01:36Z",1237,"US",0
"301","False","2015-12-31T23:32:07Z",1480,"US",1
"302","False","2015-12-31T23:19:00Z",9737,"US",0
"303","False","2015-12-31T23:18:33Z",17710,"US",3
"304","False","2015-12-31T23:16:03Z",2475,"AU",1
"305","False","2015-12-31T23:38:55Z",3377,"US",1
"306","False","2015-12-31T23:46:06Z",2439,"GB",0
"307","False","2015-12-31T23:47:28Z",5514,"US",0
"308","False","2015-12-31T23:42:25Z",897,"US",3
"309","False","2015-12-31T23:22:10Z",3129,"US",4
"310","False","2015-12-31T23:34:40Z",214,"US",2
"311","False","2015-12-31T23:26:20Z",438,"US",3
"312","True","2015-12-30T09:52:39Z",9349,"US",1
"313","False","2015-12-31T23:59:08Z",2703,"US",0
"314","True","2015-12-29T02:44:02Z",948,"US",10
"315","True","2015-12-29T10:35:15Z",4448,"US",21
"316","False","2015-12-31T23:35:39Z",2167,"US",1
"317","True","2015-12-20T23:08:49Z",8650,"US",6
"318","True","2015-12-25T17:24:12Z",2107,"US",4
"319","False","2015-12-31T23:23:19Z",59,"US",1
"320","False","2015-12-31T23:22:05Z",2757,"US",3
"321","True","2015-12-20T21:27:10Z",3931,"US",490
"322","False","2015-12-31T23:39:00Z",78,"US",2
"323","False","2015-12-31T23:56:03Z",1265,"US",1
"324","True","2015-12-20T15:34:58Z",2700,"US",5
"325","False","2015-12-31T23:45:50Z",642,"US",2
"326","True","2015-12-19T22:08:48Z",596,"US",4
"327","True","2015-12-20T19:14:14Z",5338,"US",0
"328","False","2015-12-31T23:16:24Z",3041,"US",0
"329","False","2015-12-31T23:33:33Z",1423,"GB",3
"330","True","2015-12-19T20:01:58Z",70799,"US",1
"331","False","2015-12-31T23:58:06Z",8294,"US",2
"332","True","2015-12-23T06:22:14Z",2922,"US",2
"333","False","2015-12-31T23:21:23Z",516,"US",1
"334","False","2015-12-31T23:56:42Z",1625,"US",1
"335","True","2015-12-22T18:21:13Z",3020,"US",7
"336","False","2015-12-31T23:53:44Z",9662,"US",0
"337","False","2015-12-31T23:30:12Z",5055,"US",4
"338","False","2015-12-31T23:57:01Z",3908,"US",1
"339","False","2015-12-31T23:46:25Z",5916,"US",1
"340","True","2015-12-30T17:43:58Z",527,"US",2
"341","True","2015-12-27T20:51:49Z",42041,"GB",0
"342","False","2015-12-31T23:42:13Z",3047,"US",1
"343","True","2015-12-21T21:53:23Z",7131,"US",1
"344","False","2015-12-31T23:42:30Z",5217,"US",0
"345","False","2015-12-31T23:21:32Z",1236,"US",0
"346","True","2015-12-28T15:19:42Z",1251,"US",8
"347","True","2015-12-18T09:05:38Z",2789,"US",4
"348","True","2015-12-30T20:17:59Z",7504,"US",6
"349","False","2015-12-31T23:16:18Z",5189,"US",2
"350","False","2015-12-31T23:20:03Z",29798,"US",2
"351","True","2015-12-28T18:59:11Z",140299,"US",1
"352","True","2015-12-30T19:04:32Z",3404,"US",26
"353","True","2015-12-29T06:13:03Z",7427,"US",1
"354","True","2015-12-14T23:28:12Z",7930,"US",0
"355","False","2015-12-31T23:58:07Z",-354,"US",1
"356","False","2015-12-31T23:56:43Z",1459,"US",1
"357","False","2015-12-31T23:21:30Z",544,"US",0
"358","True","2015-12-14T07:07:39Z",6624,"US",4
"359","True","2015-12-18T01:29:51Z",1467,"US",0
"360","False","2015-12-31T23:34:51Z",638,"US",0
"361","True","2015-12-25T22:30:35Z",837,"US",2
"362","True","2015-12-24T04:56:47Z",15053,"US",4
"363","False","2015-12-31T23:30:58Z",3740,"US",1
"364","True","2015-12-19T05:24:12Z",1548,"US",2
"365","True","2015-12-30T12:11:21Z",2691,"US",1
"366","False","2015-12-31T23:33:27Z",2039,"US",0
"367","True","2015-12-22T18:26:05Z",1457,"US",3
"368","True","2015-12-29T13:17:25Z",1254,"US",2
"369","False","2015-12-31T23:27:02Z",4118,"US",0
"370","True","2015-12-24T00:59:53Z",2707,"US",11
"371","True","2015-12-18T06:26:21Z",18371,"US",0
"372","True","2015-12-22T20:41:30Z",10323,"US",0
"373","True","2015-12-25T23:47:36Z",923,"US",11
"374","True","2015-12-14T09:32:12Z",2904,"US",1
"375","False","2015-12-31T23:23:47Z",2936,"US",0
"376","False","2015-12-31T23:42:26Z",879,"US",1
"377","True","2015-12-19T14:58:39Z",547,"US",13
"378","True","2015-12-23T00:47:41Z",28642,"US",1
"379","False","2015-12-31T23:52:12Z",5339,"US",2
"380","False","2015-12-31T23:25:36Z",3018,"US",1
"381","True","2015-12-22T04:23:38Z",35840,"US",3
"382","False","2015-12-31T23:14:52Z",9737,"US",0
"383","True","2015-12-14T19:44:37Z",50110,"US",0
"384","True","2015-12-27T10:46:06Z",1373,"US",4
"385","True","2015-12-14T19:40:05Z",4062,"GB",1
"386","True","2015-12-17T10:52:30Z",66509,"US",1
"387","False","2015-12-31T23:29:28Z",222,"US",0
"388","True","2015-12-26T15:27:06Z",8904,"GB",0
"389","True","2015-12-13T20:09:48Z",772,"GB",1
"390","False","2015-12-31T23:22:19Z",739,"US",1
"391","True","2015-12-18T11:27:41Z",2483,"US",7
"392","False","2015-12-31T23:36:26Z",2023,"US",0
"393","False","2015-12-31T23:32:23Z",15352,"US",1
"394","False","2015-12-31T23:29:23Z",583,"US",2
"395","True","2015-12-25T01:05:10Z",1734,"US",7
"396","False","2015-12-31T23:41:27Z",831,"US",0
"397","True","2015-12-14T20:28:49Z",22399,"GB",1
"398","True","2015-12-31T00:09:26Z",5773,"US",0
"399","True","2015-12-29T04:26:17Z",1103,"US",1
"400","True","2015-12-25T09:30:12Z",2183,"US",0
"401","True","2015-12-31T19:15:00Z",5755,"US",2
"402","False","2015-12-31T23:22:11Z",1538,"US",2
"403","True","2015-12-18T00:50:47Z",1322,"US",1
"404","True","2015-12-26T20:30:50Z",3444,"US",2
"405","True","2015-12-17T13:25:51Z",2336,"US",46
"406","True","2015-12-20T04:48:02Z",1756,"US",2
"407","False","2015-12-31T23:18:27Z",1392,"US",2
"408","True","2015-12-27T15:07:16Z",26421,"US",0
"409","False","2015-12-31T23:28:39Z",150393,"US",0
"410","True","2015-12-26T14:06:56Z",356,"US",13
"411","False","2015-12-31T23:42:09Z",2147,"US",1
"412","False","2015-12-31T23:47:46Z",703,"US",0
"413","False","2015-12-31T23:43:35Z",1786,"US",2
"414","True","2015-12-25T20:54:10Z",92292,"AU",0
"415","False","2015-12-31T23:16:28Z",2371,"US",0
"416","True","2015-12-15T03:29:01Z",7755,"US",0
"417","True","2015-12-26T07:07:28Z",1169,"US",4
"418","False","2015-12-31T23:21:21Z",4013,"US",1
"419","True","2015-12-18T16:34:01Z",2577,"US",0
"420","False","2015-12-31T23:51:20Z",1245,"US",10
"421","False","2015-12-31T23:25:37Z",1052,"US",0
"422","True","2015-12-23T16:14:29Z",9428,"US",1
"423","True","2015-12-16T23:08:36Z",3693,"US",179
"424","True","2015-12-29T10:57:04Z",4615,"US",15
"425","True","2015-12-15T15:42:31Z",2608,"GB",0
"426","True","2015-12-13T17:54:55Z",424,"US",0
"427","False","2015-12-31T23:48:20Z",405,"US",2
"428","True","2015-12-23T21:05:31Z",918,"US",17
"429","True","2015-12-29T23:15:16Z",9503,"US",1
"430","False","2015-12-31T23:20:02Z",321,"US",1
"431","False","2015-12-31T23:37:46Z",7680,"US",1
"432","False","2015-12-31T23:20:03Z",1123,"US",2
"433","False","2015-12-31T23:15:10Z",3976,"US",1
"434","True","2015-12-18T09:10:01Z",15230,"US",4
"435","False","2015-12-31T23:21:00Z",558,"US",3
"436","True","2015-12-30T20:48:08Z",3941,"US",32
"437","True","2015-12-17T00:11:48Z",1378,"US",3
"438","False","2015-12-31T23:20:03Z",1354,"US",1
"439","True","2015-12-31T16:46:31Z",2692,"US",2
"440","False","2015-12-31T23:31:26Z",5254,"US",0
"441","True","2015-12-28T05:48:03Z",37588,"US",3
"442","False","2015-12-31T23:27:24Z",4579,"US",3
"443","False","2015-12-31T23:15:07Z",2549,"US",0
"444","True","2015-12-17T03:05:47Z",1201,"US",5
"445","False","2015-12-31T23:40:55Z",168,"US",1
"446","True","2015-12-24T18:14:30Z",5619,"US",6
"447","True","2015-12-23T04:27:20Z",19581,"US",1
"448","True","2015-12-25T10:11:44Z",24745,"US",0
"449","False","2015-12-31T23:26:31Z",255,"US",1
"450","False","2015-12-31T23:21:06Z",4725,"US",2
"451","False","2015-12-31T23:51:16Z",25557,"US",0
"452","True","2015-12-19T00:48:36Z",4046,"US",2
"453","False","2015-12-31T23:19:29Z",201,"US",1
"454","True","2015-12-15T14:44:35Z",2197,"US",10
"455","False","2015-12-31T23:40:19Z",2055,"US",0
"456","False","2015-12-31T23:24:47Z",1882,"US",0
"457","False","2015-12-31T23:40:22Z",1311,"US",4
"458","False","2015-12-31T23:54:06Z",3426,"US",4
"459","True","2015-12-25T03:58:36Z",3451,"US",4
"460","True","2015-12-16T12:19:09Z",2025,"US",0
"461","True","2015-12-31T17:11:59Z",950,"US",4
"462","False","2015-12-31T23:50:07Z",1031,"US",1
"463","False","2015-12-31T23:41:42Z",2205,"US",2
"464","False","2015-12-31T23:23:01Z",14784,"US",2
"465","True","2015-12-17T19:34:54Z",339973,"US",1
"466","False","2015-12-31T23:57:48Z",45707,"US",0
"467","False","2015-12-31T23:50:07Z",486,"US",1
"468","True","2015-12-18T15:58:25Z",9278,"US",1
"469","True","2015-12-13T18:33:33Z",13704,"US",0
"470","True","2015-12-14T13:23:22Z",3222,"US",7
"471","True","2015-12-24T13:49:39Z",1913,"US",2
"472","True","2015-12-28T10:57:01Z",3670,"US",3
"473","True","2015-12-30T11:03:38Z",14759,"US",1
"474","False","2015-12-31T23:29:19Z",-185,"US",3
"475","False","2015-12-31T23:45:54Z",933,"US",1
"476","True","2015-12-28T05:26:48Z",3232,"US",0
"477","True","2015-12-21T05:54:44Z",23130,"US",3
"478","False","2015-12-31T23:48:38Z",3092,"US",1
"479","True","2015-12-17T12:29:08Z",1266,"US",9
"480","True","2015-12-27T19:24:42Z",9337,"GB",11
"481","True","2015-12-16T21:22:43Z",3502,"US",2
"482","True","2015-12-15T05:42:07Z",572,"US",7
"483","False","2015-12-31T23:29:30Z",288,"US",2
"484","True","2015-12-26T02:08:53Z",11806,"US",0
"485","False","2015-12-31T23:40:24Z",5128,"US",1
"486","False","2015-12-31T23:43:21Z",543,"US",0
"487","True","2015-12-13T20:31:53Z",1250,"US",3
"488","True","2015-12-14T21:51:42Z",77979,"AU",1
"489","True","2015-12-17T20:24:14Z",4175,"US",4
"490","True","2015-12-21T03:23:00Z",1700,"US",0
"491","False","2015-12-31T23:42:15Z",96,"US",0
"492","True","2015-12-24T18:20:34Z",10407,"US",1
"493","False","2015-12-31T23:38:45Z",3163,"US",0
"494","True","2015-12-30T03:05:22Z",24253,"US",0
"495","True","2015-12-13T18:31:58Z",50570,"US",2
"496","False","2015-12-31T23:27:13Z",2246,"US",1
"497","False","2015-12-31T23:31:26Z",2276,"US",1
"498","False","2015-12-31T23:44:46Z",2798,"US",0
"499","False","2015-12-31T23:40:30Z",768,"US",1
"500","True","2015-12-29T02:59:33Z",1968,"US",1
"501","False","2015-12-31T23:56:43Z",7459,"US",1
"502","False","2015-12-31T23:16:39Z",-36,"US",0
"503","False","2015-12-31T23:51:24Z",469,"US",10
"504","False","2015-12-31T23:27:55Z",1770,"US",0
"505","True","2015-12-27T05:18:28Z",6153,"US",0
"506","False","2015-12-31T23:37:38Z",508,"US",0
"507","True","2015-12-15T21:54:34Z",1189,"US",0
"508","True","2015-12-26T08:40:10Z",15176,"AU",0
"509","False","2015-12-31T23:36:20Z",2049,"US",0
"510","True","2015-12-24T05:42:01Z",1278,"US",3
"511","True","2015-12-22T05:23:27Z",1700,"US",4
"512","True","2015-12-14T20:12:22Z",4160,"AU",3
"513","False","2015-12-31T23:33:21Z",6148,"US",0
"514","False","2015-12-31T23:48:11Z",15460,"US",1
"515","False","2015-12-31T23:49:39Z",2313,"US",2
"516","True","2015-12-18T15:28:47Z",22936,"US",2
"517","False","2015-12-31T23:49:20Z",2066,"US",0
"518","False","2015-12-31T23:41:35Z",3361,"US",2
"519","False","2015-12-31T23:44:18Z",48,"US",4
"520","True","2015-12-16T12:37:59Z",97815,"US",1
"521","False","2015-12-31T23:32:06Z",26977,"US",1
"522","False","2015-12-31T23:44:50Z",24424,"US",2
"523","True","2015-12-18T18:35:50Z",3809,"US",1
"524","False","2015-12-31T23:46:28Z",5722,"US",1
"525","False","2015-12-31T23:36:38Z",2897,"US",7
"526","False","2015-12-31T23:15:03Z",-50,"US",0
"527","False","2015-12-31T23:39:35Z",3601,"US",2
"528","False","2015-12-31T23:23:13Z",9865,"US",1
"529","True","2015-12-28T01:44:16Z",47641,"US",0
"530","True","2015-12-14T18:57:12Z",2072,"US",3
"531","False","2015-12-31T23:50:30Z",19654,"US",2
"532","False","2015-12-31T23:26:29Z",1215,"US",7
"533","False","2015-12-31T23:47:04Z",421,"US",2
"534","False","2015-12-31T23:22:38Z",307,"US",6
"535","False","2015-12-31T23:57:49Z",2262,"US",1
"536","False","2015-12-31T23:33:28Z",1200,"US",0
"537","True","2015-12-18T13:39:13Z",2402,"US",0
"538","True","2015-12-17T00:58:48Z",1624,"US",0
"539","False","2015-12-31T23:19:28Z",9457,"US",2
"540","True","2015-12-24T16:18:10Z",1229,"US",2
"541","False","2015-12-31T23:17:48Z",8692,"US",2
"542","True","2015-12-29T07:11:46Z",9177,"US",9
"543","False","2015-12-31T23:28:20Z",2985,"US",2
"544","True","2015-12-18T01:19:47Z",12927,"US",5
"545","False","2015-12-31T23:30:45Z",11,"US",1
"546","False","2015-12-31T23:40:52Z",2607,"US",2
"547","True","2015-12-21T02:41:21Z",8164,"US",7
"548","False","2015-12-31T23:35:21Z",1459,"US",0
"549","False","2015-12-31T23:31:48Z",723,"US",0
"550","True","2015-12-22T03:31:43Z",515,"US",6
"551","True","2015-12-31T11:57:40Z",3613,"US",7
"552","False","2015-12-31T23:32:17Z",21355,"US",2
"553","False","2015-12-31T23:35:06Z",2307,"US",2
"554","True","2015-12-22T03:07:55Z",5375,"US",2
"555","True","2015-12-23T05:51:18Z",638,"US",1
"556","False","2015-12-31T23:48:37Z",1300,"US",0
"557","True","2015-12-22T06:49:08Z",11808,"US",2
"558","False","2015-12-31T23:52:03Z",2316,"US",2
"559","False","2015-12-31T23:22:08Z",2652,"US",3
"560","True","2015-12-16T13:02:33Z",339156,"US",1
"561","True","2015-12-27T07:44:24Z",685,"US",5
"562","False","2015-12-31T23:32:23Z",9685,"US",1
"563","False","2015-12-31T23:44:27Z",4103,"US",1
"564","False","2015-12-31T23:57:12Z",1336,"US",1
"565","True","2015-12-17T10:29:17Z",1840,"US",7
"566","False","2015-12-31T23:17:35Z",30201,"US",2
"567","True","2015-12-15T01:44:47Z",187,"US",2
"568","True","2015-12-15T03:29:27Z",185,"US",3
"569","True","2015-12-17T01:02:32Z",13338,"US",0
"570","True","2015-12-21T21:15:43Z",3954,"US",23
"571","False","2015-12-31T23:22:20Z",1318,"US",2
"572","True","2015-12-19T17:37:02Z",19526,"US",2
"573","True","2015-12-15T15:31:53Z",342,"US",0
"574","True","2015-12-14T19:30:03Z",4236,"US",1
"575","False","2015-12-31T23:25:58Z",3920,"US",0
"576","False","2015-12-31T23:25:34Z",4741,"US",1
"577","False","2015-12-31T23:48:56Z",11275,"US",0
"578","True","2015-12-23T14:39:49Z",1595,"US",1
"579","True","2015-12-24T04:35:42Z",4550,"US",1
"580","False","2015-12-31T23:44:27Z",308,"US",6
"581","False","2015-12-31T23:49:00Z",2321,"US",1
"582","True","2015-12-21T06:34:28Z",1511,"US",1
"583","True","2015-12-27T16:44:17Z",2187,"US",6
"584","True","2015-12-29T05:04:09Z",10104,"US",1
"585","True","2015-12-23T09:49:47Z",1636,"US",3
"586","False","2015-12-31T23:17:17Z",19842,"US",1
"587","False","2015-12-31T23:26:23Z",1342,"US",3
"588","False","2015-12-31T23:32:02Z",8223,"US",0
"589","True","2015-12-18T01:28:06Z",29899,"US",0
"590","True","2015-12-15T09:37:44Z",871,"US",1
"591","False","2015-12-31T23:47:04Z",4718,"US",1
"592","True","2015-12-26T19:19:10Z",834,"GB",1
"593","False","2015-12-31T23:27:10Z",2467,"US",3
"594","False","2015-12-31T23:45:56Z",3143,"GB",1
"595","True","2015-12-28T23:32:20Z",19178,"US",1
"596","True","2015-12-28T01:05:18Z",578,"US",7
"597","False","2015-12-31T23:53:41Z",2911,"US",0
"598","False","2015-12-31T23:47:12Z",309,"US",1
"599","False","2015-12-31T23:36:40Z",2546,"US",0
"600","False","2015-12-31T23:35:25Z",2892,"US",0
"601","False","2015-12-31T23:50:16Z",1132,"US",1
"602","True","2015-12-31T09:36:05Z",6589,"AU",3
"603","True","2015-12-22T19:32:05Z",7562,"GB",1
"604","False","2015-12-31T23:40:04Z",827,"US",1
"605","True","2015-12-15T15:10:27Z",3750,"US",11
"606","True","2015-12-30T23:27:35Z",2827,"US",11
"607","True","2015-12-21T03:45:00Z",2629,"US",2
"608","True","2015-12-18T08:39:00Z",22047,"US",0
"609","True","2015-12-19T21:03:54Z",1084,"US",4
"610","True","2015-12-19T05:02:16Z",2898,"US",0
"611","True","2015-12-16T13:33:56Z",14292,"AU",2
"612","False","2015-12-31T23:26:05Z",208,"US",5
"613","False","2015-12-31T23:45:47Z",4155,"US",3
"614","True","2015-12-31T09:56:52Z",3359,"US",105
"615","True","2015-12-17T20:15:37Z",25643,"US",1
"616","False","2015-12-31T23:39:26Z",932,"US",0
"617","True","2015-12-14T20:27:39Z",8917,"US",0
"618","False","2015-12-31T23:47:33Z",11217,"US",1
"619","False","2015-12-31T23:31:30Z",14513,"US",0
"620","False","2015-12-31T23:25:10Z",443,"US",0
"621","True","2015-12-26T05:38:11Z",30952,"US",0
"622","True","2015-12-30T16:19:35Z",19501,"US",1
"623","False","2015-12-31T23:30:33Z",1078,"US",0
"624","True","2015-12-28T23:17:13Z",1193,"US",9
"625","True","2015-12-29T00:18:43Z",39749,"US",1
"626","True","2015-12-18T17:11:18Z",2218,"AU",3
"627","False","2015-12-31T23:28:34Z",555,"US",3
"628","True","2015-12-22T04:10:41Z",19665,"US",0
"629","False","2015-12-31T23:32:35Z",1533,"US",1
"630","True","2015-12-24T07:34:44Z",1138,"US",7
"631","False","2015-12-31T23:27:03Z",8040,"US",2
"632","False","2015-12-31T23:32:34Z",-328,"US",2
"633","True","2015-12-16T01:00:29Z",921,"US",0
"634","True","2015-12-13T20:52:00Z",1180,"US",1
"635","True","2015-12-18T09:32:48Z",3520,"US",10
"636","False","2015-12-31T23:45:03Z",4888,"US",0
"637","True","2015-12-22T20:08:23Z",1587,"US",2
"638","False","2015-12-31T23:30:54Z",1826,"US",1
"639","False","2015-12-31T23:20:34Z",94,"US",2
"640","False","2015-12-31T23:37:54Z",430,"US",4
"641","False","2015-12-31T23:19:45Z",11882,"US",2
"642","False","2015-12-31T23:55:18Z",11551,"US",1
"643","True","2015-12-17T04:14:02Z",2682,"US",9
"644","True","2015-12-16T09:52:55Z",1343,"US",0
"645","False","2015-12-31T23:45:26Z",2190,"US",0
"646","False","2015-12-31T23:28:43Z",3575,"US",1
"647","False","2015-12-31T23:18:34Z",634,"US",5
"648","True","2015-12-31T21:44:14Z",1829,"US",3
"649","False","2015-12-31T23:21:12Z",5068,"US",0
"650","False","2015-12-31T23:59:47Z",25129,"US",1
"651","False","2015-12-31T23:59:44Z",9333,"US",0
"652","True","2015-12-22T18:39:28Z",8775,"US",2
"653","False","2015-12-31T23:37:27Z",3808,"US",0
"654","True","2015-12-13T21:17:26Z",282,"US",18
"655","False","2015-12-31T23:24:12Z",6096,"US",2
"656","False","2015-12-31T23:54:55Z",907,"US",0
"657","True","2015-12-31T05:52:43Z",24649,"US",3
"658","False","2015-12-31T23:32:03Z",6845,"US",0
"659","True","2015-12-21T07:44:55Z",1205,"US",19
"660","False","2015-12-31T23:58:13Z",1545,"US",2
"661","False","2015-12-31T23:57:44Z",2624,"US",0
"662","False","2015-12-31T23:59:06Z",40102,"US",2
"663","False","2015-12-31T23:26:03Z",2122,"US",0
"664","True","2015-12-13T17:33:45Z",1844,"US",4
"665","True","2015-12-28T07:40:59Z",5486,"US",10
"666","False","2015-12-31T23:56:18Z",4332,"US",0
"667","True","2015-12-23T08:50:09Z",5462,"US",9
"668","True","2015-12-23T13:02:52Z",35820,"US",7
"669","True","2015-12-18T17:10:41Z",19421,"US",0
"670","True","2015-12-30T04:17:31Z",14650,"US",0
"671","True","2015-12-21T03:23:43Z",883,"US",3
"672","True","2015-12-16T23:27:29Z",4158,"US",0
"673","True","2015-12-22T15:56:51Z",2902,"US",0
"674","True","2015-12-24T18:13:53Z",734,"US",5
"675","False","2015-12-31T23:17:40Z",882,"US",3
"676","False","2015-12-31T23:23:20Z",2725,"AU",2
"677","False","2015-12-31T23:46:54Z",2377,"US",0
"678","True","2015-12-26T08:14:33Z",746,"US",1
"679","True","2015-12-14T22:42:03Z",2144,"US",7
"680","False","2015-12-31T23:41:44Z",16074,"US",1
"681","False","2015-12-31T23:50:27Z",-254,"US",2
"682","True","2015-12-29T10:47:24Z",3558,"US",35
"683","False","2015-12-31T23:40:44Z",126,"US",4
"684","True","2015-12-22T10:31:02Z",2103,"GB",1
"685","False","2015-12-31T23:16:35Z",1984,"US",1
"686","False","2015-12-31T23:46:43Z",224,"US",0
"687","False","2015-12-31T23:39:43Z",537,"US",1
"688","True","2015-12-26T22:10:27Z",7331,"US",0
"689","True","2015-12-14T17:40:09Z",42957,"US",2
"690","True","2015-12-19T20:58:51Z",12900,"US",1
"691","False","2015-12-31T23:41:39Z",1106,"US",2
"692","True","2015-12-20T10:40:31Z",7719,"AU",1
"693","True","2015-12-21T14:12:19Z",1178,"US",4
"694","False","2015-12-31T23:41:05Z",3734,"US",1
"695","True","2015-12-17T17:52:16Z",1129,"US",2
"696","False","2015-12-31T23:15:39Z",642,"US",2
"697","True","2015-12-23T17:01:07Z",285,"US",4
"698","True","2015-12-31T15:29:43Z",1480,"US",4
"699","False","2015-12-31T23:40:43Z",3600,"US",4
"700","True","2015-12-30T20:33:20Z",4408,"US",23
"701","False","2015-12-31T23:18:41Z",3048,"US",0
"702","False","2015-12-31T23:22:11Z",50425,"US",1
"703","False","2015-12-31T23:47:38Z",4512,"US",8
"704","False","2015-12-31T23:56:47Z",10311,"US",0
"705","True","2015-12-31T20:36:10Z",15804,"US",13
"706","False","2015-12-31T23:45:59Z",9659,"US",1
"707","False","2015-12-31T23:48:51Z",4092,"US",0
"708","False","2015-12-31T23:31:55Z",5260,"US",3
"709","False","2015-12-31T23:17:01Z",18638,"US",2
"710","False","2015-12-31T23:34:33Z",2579,"US",2
"711","False","2015-12-31T23:38:42Z",3899,"US",2
"712","True","2015-12-17T17:55:09Z",2064,"US",16
"713","True","2015-12-27T06:27:23Z",4071,"US",0
"714","True","2015-12-30T23:42:15Z",38936,"US",4
"715","True","2015-12-22T02:40:20Z",3634,"US",3
"716","False","2015-12-31T23:30:11Z",3430,"US",1
"717","True","2015-12-24T12:54:10Z",3960,"US",9
"718","False","2015-12-31T23:34:27Z",28880,"US",2
"719","True","2015-12-23T05:24:35Z",50317,"US",0
"720","False","2015-12-31T23:26:09Z",3132,"US",1
"721","True","2015-12-24T15:06:17Z",2783,"US",0
"722","False","2015-12-31T23:26:34Z",3849,"US",2
"723","False","2015-12-31T23:22:18Z",1202,"US",0
"724","True","2015-12-31T05:43:57Z",15418,"US",14
"725","False","2015-12-31T23:48:57Z",3150,"US",0
"726","False","2015-12-31T23:37:49Z",557,"US",2
"727","False","2015-12-31T23:59:24Z",100120,"US",1
"728","False","2015-12-31T23:33:52Z",1855,"US",1
"729","False","2015-12-31T23:55:12Z",1173,"US",0
"730","True","2015-12-24T22:09:04Z",22021,"US",0
"731","False","2015-12-31T23:26:39Z",1493,"US",1
"732","False","2015-12-31T23:50:32Z",5691,"US",2
"733","True","2015-12-17T14:02:51Z",5886,"US",0
"734","True","2015-12-13T23:57:09Z",1265,"US",1
"735","False","2015-12-31T23:25:20Z",992,"US",1
"736","False","2015-12-31T23:31:24Z",15776,"US",1
"737","False","2015-12-31T23:52:49Z",1467,"US",2
"738","True","2015-12-28T02:35:08Z",3440,"US",2
"739","True","2015-12-15T08:51:43Z",1628,"US",0
"740","False","2015-12-31T23:37:48Z",5583,"US",2
"741","False","2015-12-31T23:30:59Z",1249,"US",0
"742","False","2015-12-31T23:41:57Z",999585,"US",2
"743","True","2015-12-18T16:04:29Z",1210,"US",6
"744","True","2015-12-24T02:01:47Z",2280,"US",2
"745","True","2015-12-28T02:24:57Z",1375,"US",6
"746","False","2015-12-31T23:32:43Z",2878,"US",0
"747","True","2015-12-16T06:47:14Z",230,"US",4
"748","False","2015-12-31T23:28:39Z",2521,"US",1
"749","True","2015-12-17T16:24:01Z",2703,"US",1
"750","True","2015-12-18T20:17:52Z",23224,"US",1
"751","True","2015-12-27T04:08:06Z",17977,"US",0
"752","True","2015-12-29T03:14:31Z",1963,"AU",4
"753","False","2015-12-31T23:54:53Z",9871,"US",2
"754","False","2015-12-31T23:55:15Z",9076,"US",1
"755","True","2015-12-19T06:23:04Z",1618,"US",0
"756","False","2015-12-31T23:32:21Z",612,"US",2
"757","False","2015-12-31T23:56:23Z",893,"US",1
"758","True","2015-12-15T02:27:33Z",3204,"US",0
"759","True","2015-12-13T20:31:04Z",295,"US",3
"760","True","2015-12-22T09:34:10Z",3220,"AU",3
"761","False","2015-12-31T23:52:43Z",5820,"US",0
"762","True","2015-12-15T16:55:41Z",7722,"US",2
"763","True","2015-12-19T04:37:47Z",382,"US",3
"764","False","2015-12-31T23:46:01Z",404,"US",5
"765","True","2015-12-18T20:53:09Z",9830,"US",4
"766","False","2015-12-31T23:55:43Z",649,"US",1
"767","True","2015-12-15T21:26:16Z",4418,"US",83
"768","True","2015-12-26T12:16:49Z",2408,"US",7
"769","True","2015-12-24T18:57:41Z",6240,"US",0
"770","True","2015-12-18T22:49:12Z",138085,"US",0
"771","False","2015-12-31T23:33:25Z",2394,"US",0
"772","False","2015-12-31T23:21:45Z",431,"US",0
"773","False","2015-12-31T23:52:18Z",5530,"US",2
"774","False","2015-12-31T23:20:56Z",8768,"US",2
"775","False","2015-12-31T23:38:08Z",835,"US",0
"776","True","2015-12-24T20:55:49Z",24693,"US",3
"777","False","2015-12-31T23:57:24Z",32958,"US",3
"778","False","2015-12-31T23:39:47Z",2383,"US",0
"779","False","2015-12-31T23:55:07Z",3843,"US",0
"780","True","2015-12-20T08:36:22Z",1019,"US",1
"781","True","2015-12-31T04:49:54Z",4588,"US",11
"782","True","2015-12-28T00:33:39Z",1020,"US",0
"783","True","2015-12-13T17:11:18Z",2713,"US",5
"784","False","2015-12-31T23:26:39Z",1036,"US",1
"785","False","2015-12-31T23:21:41Z",1408,"US",0
"786","True","2015-12-27T22:04:29Z",4525,"US",5
"787","True","2015-12-24T15:47:57Z",1382,"US",0
"788","True","2015-12-18T19:43:43Z",2386,"US",2
"789","False","2015-12-31T23:17:59Z",968,"US",1
"790","True","2015-12-23T05:15:37Z",19638,"US",2
"791","False","2015-12-31T23:41:08Z",4306,"US",2
"792","False","2015-12-31T23:37:40Z",1485,"US",2
"793","True","2015-12-14T03:58:42Z",6378,"US",4
"794","True","2015-12-15T19:52:00Z",16195,"US",3
"795","False","2015-12-31T23:54:45Z",1754,"US",1
"796","False","2015-12-31T23:28:25Z",3373,"US",6
"797","False","2015-12-31T23:16:37Z",1367,"US",7
"798","False","2015-12-31T23:51:11Z",824,"US",4
"799","True","2015-12-21T14:19:15Z",580,"US",3
"800","False","2015-12-31T23:31:58Z",4239,"US",0
"801","True","2015-12-31T16:33:00Z",836,"US",2
"802","False","2015-12-31T23:28:42Z",3184,"US",1
"803","False","2015-12-31T23:51:29Z",-13,"US",5
"804","True","2015-12-15T22:12:56Z",558,"US",6
"805","True","2015-12-27T00:57:34Z",833,"US",1
"806","True","2015-12-29T02:13:55Z",34162,"US",1
"807","False","2015-12-31T23:50:46Z",726,"GB",0
"808","False","2015-12-31T23:52:10Z",709,"US",0
"809","False","2015-12-31T23:46:18Z",8659,"US",5
"810","False","2015-12-31T23:19:22Z",2475,"US",1
"811","True","2015-12-17T02:10:21Z",68734,"AU",0
"812","False","2015-12-31T23:57:29Z",4500,"US",2
"813","True","2015-12-19T04:51:41Z",833,"US",3
"814","True","2015-12-15T00:01:44Z",4976,"US",1
"815","True","2015-12-28T23:48:18Z",10018,"US",3
"816","True","2015-12-19T04:23:30Z",973,"US",0
"817","True","2015-12-22T04:31:05Z",36968,"US",1
"818","True","2015-12-14T23:38:56Z",894,"US",6
"819","True","2015-12-31T19:47:59Z",656,"US",3
"820","False","2015-12-31T23:53:02Z",1048,"US",5
"821","True","2015-12-30T00:04:43Z",988,"US",4
"822","True","2015-12-14T21:55:40Z",14507,"US",7
"823","False","2015-12-31T23:45:37Z",921,"US",0
"824","True","2015-12-21T21:51:32Z",2715,"US",3
"825","False","2015-12-31T23:59:41Z",661,"US",3
"826","True","2015-12-14T16:49:58Z",2429,"US",3
"827","False","2015-12-31T23:48:09Z",2478,"US",1
"828","False","2015-12-31T23:56:28Z",5139,"US",0
"829","False","2015-12-31T23:54:28Z",6393,"US",2
"830","True","2015-12-17T22:57:43Z",752,"US",5
"831","True","2015-12-29T13:14:56Z",1456,"US",0
"832","True","2015-12-26T23:24:11Z",9607,"US",4
"833","False","2015-12-31T23:41:17Z",25347,"US",2
"834","False","2015-12-31T23:56:17Z",744,"US",1
"835","True","2015-12-31T16:42:38Z",22475,"GB",0
"836","False","2015-12-31T23:44:19Z",3535,"US",2
"837","False","2015-12-31T23:50:39Z",10964,"US",1
"838","True","2015-12-28T22:31:55Z",19425,"US",0
"839","False","2015-12-31T23:29:18Z",2086,"US",0
"840","False","2015-12-31T23:20:34Z",2791,"US",1
"841","True","2015-12-27T02:23:08Z",3429,"US",3
"842","True","2015-12-21T18:03:51Z",29875,"GB",3
"843","True","2015-12-14T19:00:21Z",79963,"US",1
"844","False","2015-12-31T23:57:52Z",2498,"US",1
"845","False","2015-12-31T23:28:57Z",463,"US",2
"846","True","2015-12-28T10:42:09Z",516,"US",4
"847","True","2015-12-16T14:25:28Z",1039,"US",9
"848","False","2015-12-31T23:44:35Z",1097,"US",2
"849","False","2015-12-31T23:31:49Z",1596,"US",0
"850","True","2015-12-16T17:56:48Z",4810,"US",4
"851","False","2015-12-31T23:51:53Z",32733,"US",2
"852","False","2015-12-31T23:36:57Z",5868,"US",2
"853","False","2015-12-31T23:56:28Z",5361,"US",0
"854","False","2015-12-31T23:20:54Z",180,"US",3
"855","False","2015-12-31T23:30:22Z",795,"US",1
"856","True","2015-12-16T01:56:23Z",1028,"GB",1
"857","False","2015-12-31T23:32:04Z",11635,"US",1
"858","True","2015-12-30T17:48:55Z",632,"US",3
"859","True","2015-12-27T06:13:36Z",3817,"US",8
"860","False","2015-12-31T23:29:35Z",827,"US",1
"861","False","2015-12-31T23:51:41Z",551,"US",2
"862","False","2015-12-31T23:25:38Z",1519,"US",2
"863","True","2015-12-18T15:42:56Z",7381,"US",12
"864","False","2015-12-31T23:58:13Z",2141,"US",0
"865","True","2015-12-16T21:25:06Z",876,"US",3
"866","False","2015-12-31T23:24:28Z",3292,"US",2
"867","False","2015-12-31T23:52:40Z",1810,"US",0
"868","True","2015-12-14T16:41:10Z",189446,"US",1
"869","False","2015-12-31T23:32:10Z",409,"US",0
"870","False","2015-12-31T23:51:37Z",3193,"US",1
"871","False","2015-12-31T23:51:43Z",3718,"US",2
"872","True","2015-12-31T07:39:37Z",4566,"US",1
"873","True","2015-12-24T11:16:52Z",337,"US",6
"874","False","2015-12-31T23:50:55Z",2001,"US",1
"875","True","2015-12-14T18:58:40Z",4137,"US",4
"876","False","2015-12-31T23:51:11Z",793,"US",1
"877","True","2015-12-15T05:52:23Z",928,"US",3
"878","True","2015-12-17T09:27:08Z",211,"US",1
"879","False","2015-12-31T23:39:31Z",1319,"US",2
"880","False","2015-12-31T23:45:49Z",2730,"US",4
"881","False","2015-12-31T23:18:47Z",15214,"US",0
"882","False","2015-12-31T23:28:13Z",2676,"US",0
"883","False","2015-12-31T23:30:51Z",895,"US",2
"884","True","2015-12-20T20:38:59Z",3487,"US",158
"885","False","2015-12-31T23:35:02Z",133099,"US",2
"886","True","2015-12-22T03:54:30Z",6743,"US",4
"887","False","2015-12-31T23:43:44Z",1834,"US",0
"888","False","2015-12-31T23:40:00Z",423,"US",1
"889","True","2015-12-15T20:04:02Z",3584,"US",17
"890","True","2015-12-25T05:52:04Z",2433,"US",0
"891","True","2015-12-15T21:16:55Z",4166,"US",14
"892","False","2015-12-31T23:42:37Z",792,"US",1
"893","False","2015-12-31T23:32:33Z",1136,"US",6
"894","True","2015-12-31T07:40:43Z",1358,"US",14
"895","False","2015-12-31T23:25:39Z",1125,"US",0
"896","False","2015-12-31T23:24:32Z",89,"US",3
"897","False","2015-12-31T23:15:54Z",5598,"US",0
"898","True","2015-12-28T01:52:04Z",59453,"US",2
"899","True","2015-12-28T12:19:21Z",5736,"GB",3
"900","True","2015-12-17T12:20:30Z",13876,"US",0
"901","True","2015-12-24T14:20:47Z",53697,"US",1
"902","True","2015-12-21T13:23:40Z",339711,"US",1
"903","False","2015-12-31T23:31:14Z",4246,"US",1
"904","False","2015-12-31T23:44:26Z",1071,"US",1
"905","True","2015-12-17T12:58:16Z",29143,"US",2
"906","False","2015-12-31T23:49:09Z",2034,"US",1
"907","False","2015-12-31T23:25:11Z",618,"US",2
"908","False","2015-12-31T23:26:24Z",781,"US",2
"909","True","2015-12-28T20:05:19Z",4019,"US",5
"910","True","2015-12-19T15:40:47Z",1785,"US",5
"911","False","2015-12-31T23:28:27Z",1814,"US",1
"912","True","2015-12-13T13:21:13Z",897,"US",10
"913","True","2015-12-20T22:34:34Z",3311,"US",35
"914","False","2015-12-31T23:49:08Z",3760,"US",1
"915","False","2015-12-31T23:58:26Z",2403,"US",2
"916","False","2015-12-31T23:50:03Z",1779,"US",0
"917","True","2015-12-22T18:02:55Z",10438,"US",0
"918","True","2015-12-14T22:22:46Z",50360,"GB",3
"919","True","2015-12-13T23:26:36Z",38355,"US",1
"920","True","2015-12-30T03:31:49Z",1126,"US",11
"921","True","2015-12-15T05:44:25Z",737,"US",6
"922","True","2015-12-20T20:41:49Z",3127,"US",177
"923","True","2015-12-27T18:02:41Z",3395,"US",0
"924","True","2015-12-21T00:07:12Z",1031,"US",4
"925","True","2015-12-16T06:08:06Z",16555,"US",3
"926","False","2015-12-31T23:14:47Z",2510,"US",2
"927","False","2015-12-31T23:35:39Z",5125,"US",2
"928","False","2015-12-31T23:28:10Z",2044,"US",0
"929","False","2015-12-31T23:30:16Z",3105,"US",2
"930","True","2015-12-16T20:09:11Z",131847,"US",1
"931","False","2015-12-31T23:19:22Z",813,"US",0
"932","True","2015-12-16T12:56:58Z",1160,"US",3
"933","False","2015-12-31T23:57:55Z",932,"US",2
"934","True","2015-12-14T04:00:59Z",1260,"US",0
"935","False","2015-12-31T23:45:23Z",485,"US",1
"936","False","2015-12-31T23:48:44Z",2674,"US",1
"937","True","2015-12-18T07:46:17Z",315,"US",0
"938","True","2015-12-20T01:41:48Z",784,"US",3
"939","False","2015-12-31T23:21:53Z",442,"US",1
"940","True","2015-12-30T01:22:25Z",2453,"US",0
"941","True","2015-12-18T14:59:54Z",7441,"US",3
"942","True","2015-12-23T05:39:42Z",50110,"US",0
"943","False","2015-12-31T23:47:39Z",552,"US",1
"944","True","2015-12-13T23:00:15Z",18900,"US",1
"945","False","2015-12-31T23:48:17Z",3371,"US",0
"946","False","2015-12-31T23:14:43Z",1279,"US",3
"947","True","2015-12-25T03:50:03Z",2871,"US",3
"948","True","2015-12-29T17:03:16Z",30009,"US",2
"949","False","2015-12-31T23:48:19Z",1955,"US",0
"950","False","2015-12-31T23:46:52Z",1290,"US",2
"951","True","2015-12-16T01:54:33Z",134856,"US",2
"952","True","2015-12-26T01:50:54Z",245,"US",0
"953","True","2015-12-16T17:54:09Z",312,"US",11
"954","False","2015-12-31T23:32:14Z",879,"US",1
"955","False","2015-12-31T23:34:48Z",8538,"US",1
"956","False","2015-12-31T23:39:18Z",3836,"US",0
"957","True","2015-12-14T14:06:54Z",3513,"GB",5
"958","False","2015-12-31T23:53:53Z",892,"US",1
"959","False","2015-12-31T23:16:59Z",1210,"US",0
"960","True","2015-12-22T03:12:02Z",1410,"US",2
"961","False","2015-12-31T23:54:48Z",1839,"US",1
"962","False","2015-12-31T23:42:44Z",-37,"US",0
"963","False","2015-12-31T23:20:19Z",1360,"US",2
"964","False","2015-12-31T23:54:07Z",864,"US",2
"965","True","2015-12-25T06:34:20Z",500,"US",2
"966","False","2015-12-31T23:42:13Z",10103,"US",3
"967","True","2015-12-30T14:47:04Z",15728,"US",2
"968","False","2015-12-31T23:35:21Z",1066,"US",0
"969","False","2015-12-31T23:27:50Z",25170,"US",2
"970","False","2015-12-31T23:15:43Z",509,"US",1
"971","False","2015-12-31T23:47:08Z",1254,"US",3
"972","True","2015-12-15T19:35:17Z",31753,"US",0
"973","False","2015-12-31T23:20:11Z",8137,"US",3
"974","False","2015-12-31T23:25:44Z",8301,"US",3
"975","False","2015-12-31T23:51:50Z",1349,"US",0
"976","True","2015-12-29T03:47:52Z",13434,"GB",1
"977","True","2015-12-26T12:48:47Z",68249,"AU",0
"978","False","2015-12-31T23:58:36Z",3514,"US",0
"979","True","2015-12-15T23:48:48Z",1472,"US",11
"980","True","2015-12-18T14:18:34Z",2672,"US",9
"981","True","2015-12-24T06:37:06Z",887,"US",6
"982","False","2015-12-31T23:23:41Z",216,"US",2
"983","False","2015-12-31T23:35:10Z",1504,"US",6
"984","False","2015-12-31T23:51:46Z",5776,"US",2
"985","True","2015-12-29T22:03:28Z",1447,"US",5
"986","False","2015-12-31T23:33:31Z",2530,"US",0
"987","False","2015-12-31T23:39:36Z",875,"US",0
"988","True","2015-12-13T21:00:40Z",26942,"US",2
"989","False","2015-12-31T23:41:04Z",260,"US",0
"990","False","2015-12-31T23:29:22Z",13566,"US",1
"991","True","2015-12-17T05:56:00Z",16437,"US",0
"992","False","2015-12-31T23:53:19Z",2160,"US",0
"993","False","2015-12-31T23:59:47Z",2210,"US",0
"994","True","2015-12-13T17:41:39Z",439,"US",2
"995","True","2015-12-20T20:31:39Z",3933,"US",128
"996","False","2015-12-31T23:18:09Z",2190,"US",3
"997","False","2015-12-31T23:26:48Z",3469,"US",1
"998","True","2015-12-21T04:05:58Z",7278,"US",14
"999","True","2015-12-19T04:27:18Z",2418,"US",2
"1000","False","2015-12-31T23:29:06Z",1398,"US",1
